<?xml version="1.0" encoding="utf-8"?> <getBatchStatisticsResponse xmlns:xsi="http://www.w3.org/2001/XMLSchema-instance" xmlns:xsd="http://www.w3.org/2001/XMLSchema" xmlns="AnetApi/xml/v1/schema/AnetApiSchema.xsd">
    <messages> 
        <resultCode>Ok</resultCode>
        <message> 
            <code>I00001</code>
            <text>Successful.</text> 
        </message>
    </messages> 
    <batch>
        <batchId>24</batchId> 
        <settlementTimeUTC>2011-01-13T20:58:33Z</settlementTimeUTC>
        <settlementTimeLocal>2011-01-13T12:58:33</settlementTimeLocal>
        <settlementState>settledSuccessfully</settlementState> 
        <paymentMethod>creditCard</paymentMethod> 
        <statistics>
            <statistic> 
                <accountType>Visa</accountType> 
                <chargeAmount>30.15</chargeAmount> 
                <chargeCount>7</chargeCount> 
                <refundAmount>0.00</refundAmount> 
                <refundCount>0</refundCount> 
                <voidCount>0</voidCount> 
                <declineCount>0</declineCount> 
                <errorCount>0</errorCount>
            </statistic> 
        </statistics>
    </batch> 
</getBatchStatisticsResponse>